restaurant_id,name,city,country,cuisine
7724772b-216a-45cc-986b-291e527fda4f,"Silver Brasserie","Tommyemouth","Republic of Korea",Chinese
184ce8de-adce-47b5-90fb-660c1a06dc38,"Blue Plate Cafe","Lake Julissamouth","American Samoa",Mexican
908e593b-b660-4850-8b44-a4c80e9bc400,"ANG Coffee","Davishaven","Australia",French
2f5473c0-2cd9-4107-bb82-e9550ff23f1f,"2615 Pizza","East Vernon","Gambia",Indian
975c19c1-7427-41b5-a623-22befeb0c9b0,"IWE Grill & Tap","Johnsberg","Slovenia",Indian
a97e7bea-6faa-4a4c-b60c-9fad4c5b7d25,"Smokestack Subs","Marvinshire","Japan",Polish
570f0bc9-1ca4-4dbe-a47b-af20656cd9c1,"Fast Deli","Lake Hermina","Iceland",Mexican
96285c17-d68e-498b-9ec6-dea4b5151e7d,"Thirsty Deli","New Charlie","Angola",Thai
29f428f2-33a4-487b-bbc6-a0971ce6e348,"02 Grill & Tap","Darrickmouth","Turks and Caicos Islands",Polish
612d53e4-cdbb-4b77-a993-84140c268d35,"Salty Spoon","Herbertstad","Tajikistan",American
d5bbfcb3-e1f3-48af-937a-6a0c92262fd8,"Sugar Diner","Purdyfurt","United States of America",American
e9b1d18c-616a-4ec7-bd72-d5f97624a6c0,"Big Diner","Lake Antoniamouth","Botswana",Chinese
ca2baef3-f55a-41d4-bbde-f9077857b3a3,"Fast Curry","West Rooseveltview","American Samoa",Italian
82d7dcaa-ec24-4ced-9123-b63c47fac9ce,"Belly House","Blockside","Syrian Arab Republic",Italian
3825b308-f93f-4c8f-b7ed-e2dba8ae1920,"Salty Box","South Shaun","Philippines",Greek
8766ecc7-b05b-4c8d-a7fd-ee1cee37def9,"OY House","Reubenview","Barbados",Polish
684eb759-a637-4b17-8b8e-f3b9dda1e943,"Fat BBQ","Efrenside","Philippines",Mexican
3e1b80d8-ab9e-4298-9020-0511591e8e0a,"Big Spoon","Swiftberg","Czech Republic",French
3cadef76-e5d8-4aea-a266-3301330826e9,"Red Deli","West Lavondahaven","Brunei Darussalam",Indian
53493495-2f16-4cbc-919b-14ee48691e3c,"Spice Deli","Franeckimouth","Turks and Caicos Islands",Greek
98e93f19-d779-4d47-bb63-7258a56de895,"Sugar Grill","Rashadport","Philippines",Greek
7f3a4870-cc51-4333-8fcb-bdf3cea07450,"Thirsty Grill & Tap","South Monteburgh","Vietnam",Japanese
190880f7-4d41-4f33-a62f-5ab1061f9fd4,"Hungry Juice Bar","Cummeratachester","Gabon",Polish
2c6359b4-d798-4bbe-99ab-3e8fbadbd262,"Spice Cafe","East Metashire","Dominican Republic",American
4a3cd611-02a9-4463-83e3-80dbc76a2369,"Fast Brasserie","Osinskiburgh","Turks and Caicos Islands",American
a891527a-3a1c-4845-97b7-fd9caf366a69,"Sweet Subs","Bergnaummouth","Andorra",French
282503ba-664d-4776-a193-417807799d5a,"Fast Grill & Tap","Haywoodbury","Gibraltar",Greek
f52bd2e3-4ca4-4679-9e7f-05226692dcb7,"Big Brasserie","Port Nelson","Australia",Polish
9ed49544-ec28-41ed-83fc-de5482991983,"Hungry Box","New Kellye","Mauritania",Mexican
55e5344c-0280-417c-833b-6255502da6a7,"Big King","North Elvis","Belize",French
d3b72406-e3a3-4280-b5f8-ccfb4c788205,"Orange Pub","Emardtown","Lebanon",Mexican
ab00c3c7-08d7-4aab-a56d-f9f1d60021ad,"0331 Dragon","West Jarod","Afghanistan",Indian
e7266698-2ec7-4c14-b895-eca82106ba34,"Blue Coffee","New Odiliashire","United Kingdom",Polish
aa2a167f-a069-4656-ba88-eeb834d91705,"Fat BBQ","Hyattview","Northern Mariana Islands",Italian
22d079cb-6fe4-462b-a3e6-8112b2b077d0,"Smokestack Pub","Marquettafort","Jordan",Mexican
f2a7ed2d-1332-4946-a6b0-7ea433131b3b,"Golden Diner","Port Enoch","Cocos (Keeling) Islands",Chinese
c0f65332-f4c2-45a0-b0dc-b7df5f82ac14,"LK Box","Johnathantown","United Arab Emirates",Italian
6e45791e-cc59-48ee-b154-f16ee2513526,"Spice Diner","Buckridgetown","Bosnia and Herzegovina",Chinese
493ae384-7dcf-4642-8a4e-628e99aea43b,"Sweet Subs","Paucekshire","Cyprus",Chinese
79e26f41-d3ad-4670-ab5a-92c5d11ef7df,"Spice Eatery","Ramontown","Tanzania",French
0164dd5d-2ea8-4790-8109-18e95ade1240,"Green Diner","West Britt","Barbados",Italian
8485de54-d0d8-4768-86bb-66d240093d10,"Red Pub","North Arnulfotown","Greenland",Italian
1803130e-4d66-4764-888a-66c441d672fa,"Thirsty Pizza","Welchborough","Guadeloupe",American
3beb2599-7cf6-49a2-8402-4f7a1f931c16,"Orange Subs","Lake Raymond","Reunion",Japanese
00b656a8-5be6-4617-b05e-4e1e7324fce8,"Green Pizza","West Shavonnehaven","France",Italian
5b49957a-e5cb-4eb5-bc0f-d6015a190b26,"Hungry Steakhouse","Robbieberg","Bosnia and Herzegovina",Japanese
c625061f-b823-4a6d-91f6-b4d96ef8d8d0,"Fast Coffee","Lemkefort","Venezuela",Japanese
3e4f58e3-d010-4e2f-8436-e32feb060d68,"Spice Brasserie","Bergstromfurt","Belgium",American
cbbf3700-d041-4a6f-bbae-57ecee0ef71e,"957 Creamery","Wesleychester","Botswana",Polish
fc7ebb20-87d5-411a-90d7-cf1f4434c2b0,"SUY Pizza","Donnieville","Kenya",Chinese
70b42e1d-bda9-46ed-8cfd-6ef3835bf152,"Hungry Kitchen","Garlandbury","French Southern Territories",Indian
94a0f577-45ca-440d-9e59-e2d28f0eb70a,"172 Deli","South Larrainetown","Panama",Italian
543b8598-e8a8-4089-acaa-de7c20c93a58,"Blue BBQ","Meredithton","India",French
88a7f7d7-ad67-4fde-aab3-674fe8f8db12,"1191 Sushi","Cedrictown","Taiwan",American
c8f6cddd-0f8d-457c-a3e5-2049a6a223a9,"Blue Plate Eats","Hiltonton","San Marino",Mexican
b0a2db04-9c70-4bf8-a95c-d1eba28aa62c,"Blue Plate Cafe","Natashiaview","Peru",Chinese
48cc92b4-892d-42ce-8c32-f65e07f8cdbc,"Thirsty Deli","McDermottfurt","Tajikistan",Italian
2768da6d-df33-4a5c-b5e6-53fa38d1b87d,"29 Grill & Tap","North Delmy","Dominica",American
61ba86e0-272d-428c-a49e-6d82558aefa3,"Hungry Deli","New Kenneth","Equatorial Guinea",Thai
fc229012-0965-4f12-82cb-06619af8a64b,"Blue Grill","West Henry","Heard Island and McDonald Islands",Chinese
05dbcb4c-076a-4ad3-8724-795f8c09b377,"Smokestack House","South Debroah","Anguilla",Greek
a22547a5-5d15-493c-81b4-d856a67af484,"Blue Dragon","Lake Jamie","New Zealand",Polish
a4818069-1c3d-4e4c-bbdb-848ff4f2cd20,"2897 King","Norbertoborough","Nigeria",Greek
1bbc7c39-54c8-4e01-bab1-a18598f0c1a6,"Salty Deli","New Edgardoburgh","Papua New Guinea",American
19e9d68d-123c-401d-aa30-3fee7345a0f3,"Big King","Rowemouth","Holy See (Vatican City State)",American
0fc8cd80-e549-40a5-82fd-20e2e7d3fe3c,"Big King","Lake Darci","Greenland",Chinese
11569f18-00f0-486a-bef4-3ffe91b24f76,"Green King","Chungbury","Central African Republic",Mexican
3c013bca-dc95-4389-ad74-81cafbb6b81f,"Thirsty Juice Bar","East Noella","Georgia",American
c3eaed9f-13d1-4e0b-8233-a4ac29c424d9,"Smokestack Pizza","Lake Renate","Armenia",Indian
4822f4a4-aa52-4289-b5b8-d19062c68242,"BB Pub","Willmsfurt","Latvia",Indian
792198d2-605e-431f-ab10-13847f5046f1,"FKW Spoon","Tremblayborough","Northern Mariana Islands",Thai
b649a657-6bda-4b0a-8b87-a5358feda684,"Blue Plate Eatery","Jonieberg","Albania",Italian
9eac6c57-c56e-40d0-a027-9c9def8aadd2,"Green Shakes","Delilahborough","Syrian Arab Republic",Mexican
d7304d1c-988e-48f6-8009-9b981a3a05b4,"Belly Eats","Bauchchester","Montserrat",Chinese
2d12fecb-b5e9-4f66-bc24-a3ae7a3e781c,"643 Deli","Billybury","Norway",American
687ae254-4739-411d-8552-e5cd9d48908d,"Smokestack Grill","New Ngahaven","India",Chinese
15f04693-6ab4-48eb-be8a-1820b5b553dc,"896 Bar & Grill","South Hungmouth","Mali",Polish
0b5f1270-14c4-412f-9b1b-c0019a528c34,"Orange Spoon","Jayton","Serbia",Chinese
a483d2b5-5568-46d2-a485-3a9710535f08,"Smokestack BBQ","New Stuartside","Eritrea",Japanese
3722936e-ca2d-425d-a814-edd25877826c,"Big House","South Cliff","Turks and Caicos Islands",Polish
3331adf1-b227-4531-8305-2db41537c5ca,"Sweet Dragon","Binsburgh","Mauritius",Polish
bcc75f1e-c1b5-42d2-ac1c-1cd843b1184f,"Sugar Eatery","Mullerburgh","Cameroon",French
0c1a7311-f554-4ca2-a217-2a29908ab547,"Blue Plate Curry","Predovicside","Guadeloupe",Chinese
989c0954-4b4b-4e89-855b-964f58abbebc,"Thirsty Creamery","North Blake","Saint Vincent and the Grenadines",Mexican
8da2dfe7-1cd9-41a3-a8f9-1752f23a877d,"8608 BBQ","East Catherineside","Denmark",Thai
4556d5b0-c07d-4270-824f-629c942a801d,"926 Cafe","North Bret","Guyana",Indian
74b442b0-8028-4c06-a473-101350b0de23,"Big Grill","Rennaberg","Mauritania",Mexican
919de531-031b-4706-955a-a1d11fc3d898,"Fast Pizza","Keciabury","United Kingdom",French
b6c4df19-a3af-4c14-8546-967d530b8399,"Hungry Eats","Kraigbury","Venezuela",Polish
36e722d4-2185-4803-8fa3-a1b00076c756,"Orange Pizza","Fisherchester","Costa Rica",Japanese
20db66cf-e7eb-46e8-bd1e-05d05f5e7f6c,"80 Kitchen","Catrinamouth","Austria",French
f0d9a074-ca3b-4060-bbf2-43c797a4bf36,"Big Eats","Yongbury","Netherlands",Greek
92fb180c-8c28-4b9e-9f58-5f7d411146fd,"970 BBQ","North Roberto","Tonga",American
821378e4-2df7-4a77-b40f-c86734776570,"Orange Eatery","Coralland","Switzerland",American
259f2921-a432-48e5-bd77-dd32cd343a6c,"Thirsty Bar & Grill","Clementefort","United States Minor Outlying Islands",Polish
b26ba7af-7b6e-4ddf-963a-2258da0f0d11,"Hungry King","Port Sandy","Mexico",Italian
06632297-200d-469d-9f60-8a7444b29071,"Blue Grill","West Florentino","South Africa",French
70ecd8c0-82de-4abc-8be3-c22b6d62be43,"Green Grill","Lake Fidela","Cook Islands",Thai
f3325bd8-9505-4cf4-86c3-adc54b598b1b,"53 King","Kuhnborough","Montserrat",Mexican
fc98da21-d24c-419d-84c5-f6d8bd99ef13,"Big Coffee","Raymonbury","Djibouti",American
0b89be33-d768-4021-b91c-49ec970c6e65,"Blue Dragon","Freemanshire","Poland",Greek
a59e7306-2204-413e-aa6a-dccad546a5e0,"Fat Deli","New Malcom","French Guiana",Chinese
0f99fdda-e267-42ae-8db0-e0d7b39a962c,"DNL Burger","Port Andreastown","Iran",American
baf16467-9aec-46ec-801e-fa02e698d07b,"Blue Plate Cafe","North Clairbury","Lesotho",Thai
0718128f-e20b-432f-b026-042e8f4754d5,"Thirsty Dragon","North Claudettechester","Haiti",American
344cd74e-51ef-4a84-bac8-7570323f0005,"Green Brasserie","Brekkefurt","Grenada",French
0cd3faee-9ea3-47de-97b6-c6cb42afaedf,"Green Pub","Lake Christian","Mozambique",Greek
d6bfa4e0-7be5-435b-b5b7-db903d51a9ea,"Sweet Pizza","O'Connellshire","Cameroon",Greek
ee3cd756-cac5-4d1a-9312-c95f2a27a8b4,"Blue Plate Spoon","Faheyville","Virgin Islands, British",Mexican
7d015934-348e-4d1b-9ae2-e5ef6a577ac6,"Fast Grill","Derickview","United Arab Emirates",Japanese
9320d5d8-0100-46d7-803c-1fc3caea451d,"Red King","West Ismaelport","Somalia",French
0d2caf08-1ec0-4f6a-a51b-d52ddfc7e732,"Orange Pizza","Sanfordtown","Tunisia",Chinese
e8947d21-87bd-441f-8572-6e815165ab50,"89 House","Port Lelandton","Montserrat",Chinese
9897a844-c4e7-4592-ab5e-fe0450684094,"Green Brasserie","Lake Chun","Cyprus",Italian
0c85352b-db91-4fc8-8cfb-b6666ba538c0,"392 BBQ","Port Lucienfurt","Russian Federation",Polish
ba706436-1bd5-4886-a397-70faa7d15ad5,"Fast Subs","New Waltraudmouth","Hong Kong",Indian
208d258d-eb72-4d45-86bc-60bc62235e47,"BY Brasserie","Pacochaport","Western Sahara",Thai
b123c43f-c0b1-4c2e-bd2c-863685110621,"Sweet Gastropub","West Aimeeview","Liberia",Polish
3e16e4d8-1820-4f7b-8a83-18a174fc8668,"Spice Burger","Jacobfurt","Belarus",French
d5a7cb4b-7bfb-4e2f-9af3-bcdf814c5b13,"Red Diner","Lake Mackton","Cyprus",Mexican
952a8f73-cabf-4a19-a161-bdc2936bb6a9,"Red Box","Borerbury","Djibouti",Thai
6d392a0e-c322-4a26-b306-cba9290d7b83,"Blue Juice Bar","Port Floyd","Western Sahara",Indian
c0a306a2-a04d-4c37-885d-c002672f9119,"Thirsty Grill","Mullerton","New Caledonia",Mexican
9b9ba19c-df28-47d3-99a2-3300f549d78c,"CKX Eats","Lorriefurt","Guadeloupe",Italian
e714bbea-625c-4d85-ad54-4ffea542ba14,"769 Pub","New Bradfordland","Maldives",Mexican
44ac2308-73a4-43eb-8d1b-1a4fcf5bda8e,"Blue Plate Box","Jolandaside","Eritrea",Greek
77231fc5-6222-42fb-a8dd-5c460a6579a7,"Golden Brasserie","Schoenport","French Southern Territories",French
b43a8dc1-a3cd-45a5-b1c8-79fba3dde4b1,"4077 Gastropub","Alenaborough","Barbados",Italian
66d66d2f-b709-4e74-ac58-89b7d91fe24b,"Fat Cafe","Port Staciamouth","Virgin Islands, British",Mexican
61a9cc71-2164-4a6d-bad0-d33bff72c9b0,"Orange Eatery","Halvorsonshire","Montenegro",Japanese
33c10b31-2a54-4fb5-94f0-6b97087c8adf,"91 Coffee","Austinfurt","Wallis and Futuna",Japanese
d6d17d36-2182-4ac5-ba4f-fc07bf79fce3,"Hungry Deli","New Pasqualechester","Congo",Indian
2e3a0083-9eb2-44c0-8722-601a5fbea885,"Fast Sushi","Chiaberg","Montserrat",Greek
20a8f45c-197f-4b66-aa70-fee5acd0c5ef,"Red Pizza","West Delinda","Cape Verde",Greek
0fd04c93-f6c6-4b7f-b992-b856c9a0331c,"Blue Plate Pizza","Jonnieland","Tuvalu",Greek
832097cd-5700-4a1c-96fd-3391cdfea2f1,"Big Bar & Grill","West Emmaline","Singapore",Chinese
1f1ecf46-1052-401c-99a3-1c2234673a3a,"Salty Grill","West Gaylene","Venezuela",Thai
a60a58e8-f453-4c38-8147-8a0b5d5529b3,"Thirsty Subs","Constanceland","Italy",Thai
062e234f-634f-4a8c-b712-42996e8118d5,"Hungry Sushi","South Antoinette","Seychelles",French
f039ec3e-f7e0-4789-b59b-1c9aa2b78f94,"Blue Steakhouse","West Darrin","Pakistan",Italian
c6f8390d-73f6-493f-b632-150771a7e271,"Thirsty Shakes","New Leonardo","Guernsey",Chinese
c7caa774-a1aa-457f-b021-9597ca4c1f45,"Sugar Pub","New Beatrizmouth","Tonga",French
76bf27ca-9287-4b91-bb20-41ba01d57c0b,"Blue Plate Kitchen","Hamillville","Libyan Arab Jamahiriya",Japanese
e4245338-e3e5-48a3-8ec6-c628953cc269,"Sweet House","South Gordon","Hong Kong",Greek
0cfb71c9-7628-4ed3-b717-bd6637a33684,"572 Grill","Wittingfurt","South Africa",Thai
0ba8a5c0-a9a3-4200-8ebc-e9abaea5e9c2,"HA House","West Marg","Democratic People's Republic of Korea",Mexican
b5c2131e-3bdb-405f-b52c-6ead6be81c0c,"Blue Grill","Tylerfurt","Guatemala",Italian
333bfa29-7a18-4e0f-9f07-75eba266891a,"Sweet BBQ","Runtestad","Honduras",Indian
4cc6e922-ade6-4065-9b41-f6f67ea5ff7f,"LJY Sushi","Willianton","Comoros",Japanese
be469095-674e-4c28-bc97-14826255c637,"Salty Pub","Rauside","Romania",Japanese
a7136c65-a8b7-47c6-8c90-3287c184ca38,"JDC Eats","Lake Jamieborough","Norway",Chinese
282e2b41-22ed-424d-8513-749dba6c0633,"TX Kitchen","North Fredric","Ethiopia",Thai
c4f69c47-9731-479a-9fda-21771489da5c,"Green Dragon","Magdalenebury","Saint Martin",Polish
768b7a20-e52c-4b89-87da-4985d2b3e391,"Thirsty Diner","Boyershire","Palestinian Territory",Polish
12d292c1-264f-4ccb-a02d-b7e861d00fda,"Orange Burger","Port Hilario","Bhutan",Italian
8e95255e-eb2a-48e0-bdf9-57de47fde4f2,"Orange Coffee","Thielstad","Jersey",Polish
d7c0c773-d6a8-48e7-8ccd-a62da2c8df9e,"9250 Curry","South Hughfort","Netherlands",Thai
7c711c05-a96f-4128-9ae7-3512e71b3411,"Silver Burger","Geralynmouth","Luxembourg",Mexican
80b61d47-19ef-4737-9657-b9ba85231538,"KKT Bar & Grill","East Fredericstad","Hungary",Indian
523f4db1-54e5-4abd-9e8c-fa0cf8bcb303,"Silver Deli","South Morgantown","Pakistan",Thai
e02ac19a-7409-4c06-a296-d1c23edd7491,"Orange Spoon","Spinkahaven","Nicaragua",Mexican
e9e6ea71-30a6-4b2f-8d1c-2792a231debd,"DCC BBQ","East Efrain","South Georgia and the South Sandwich Islands",Chinese
9c65430b-08ff-4101-9845-36519abbd52c,"8393 Eats","Tameikaport","Lebanon",Polish
ac0b8eb1-1d31-4d45-865c-d1a4cac18db5,"Sweet Eats","West Gertrude","Namibia",American
32bcd4b6-76fa-44b4-b0f6-015b61c9bf19,"Green King","North Octavia","Lithuania",Thai
95bfd494-7935-47b0-8732-7ab8c7d9bc7c,"Sugar Kitchen","Ratketown","Haiti",American
17eb414f-9483-44be-84ee-57f677875ff6,"Salty Pizza","Collierchester","Greenland",French
8f51ee97-b88c-4b31-8a26-338dd3dd2196,"584 Grill","South Lashaun","Saint Barthelemy",American
5982a1eb-0d40-4a1b-86c4-071f3754e9e9,"Silver Diner","South Lonnie","Martinique",American
b280a0b3-a8b4-4a08-8f18-0225030cf860,"Red Eats","West Michaelburgh","Moldova",Indian
837120d3-dff5-45fc-b7a0-36b97e6c0ada,"Green Grill","New Diegoburgh","Netherlands",Polish
37783778-89b2-4725-a8b3-a030d03fc334,"08 Steakhouse","New Joesph","Haiti",Indian
753775c6-567f-40c5-ad70-9b161bf4f04c,"Sweet Bakery","Granttown","Vietnam",Thai
67e04f6a-b415-4b34-be4b-b6c4655c0b5a,"Smokestack Creamery","Macejkovicville","Nauru",Greek
7f6e52dc-3527-41d9-8cd2-491c6ccf96ef,"Golden Juice Bar","Leannemouth","El Salvador",Japanese
5a33aa14-6080-4e41-a085-759cc5cf677a,"Green BBQ","Isaiahborough","Samoa",American
2bbe9cce-245f-4634-9392-dd056d2882d9,"Smokestack Gastropub","Aufderharchester","Guyana",Indian
cf4413ec-2991-4c06-847f-e4e679a6bcc0,"Fat BBQ","Haneton","Anguilla",Greek
e0fb26e1-4e29-4da0-9337-771252bb80bb,"Silver Grill","Devinview","Barbados",Greek
3100bb83-491a-41e5-9f9b-923259ac5997,"Orange Coffee","Lake Vernon","Antigua and Barbuda",Japanese
ae224e7b-cd69-4125-854b-c5d9289ac209,"157 Pub","West Lymanton","Tuvalu",Thai
d1e3f07e-d5fd-4ae5-9b4c-22adaadb31b4,"Blue Plate Creamery","East Marco","Timor-Leste",American
4680db75-df0f-46e5-8cef-530dd07d9424,"Big Eatery","South Laviniashire","Tonga",Japanese
1641ada2-0333-42d6-b483-73cc23ee6010,"Salty Juice Bar","East Leonilafurt","Saint Vincent and the Grenadines",Italian
16547bee-9860-474d-af0d-29bf61f89944,"41 Pub","Lake Jackiemouth","Gabon",Polish
0986ffe3-1c58-407d-a4e8-b978814f622c,"Thirsty Juice Bar","East Vickiefurt","Wallis and Futuna",French
4b3474e3-b08f-46f8-a9a4-c951a9b18b2c,"Thirsty Sushi","Port Elliott","Morocco",Polish
931fcf5d-6902-4207-9fed-6c3e41d795cb,"Belly Pizza","Port Jennyside","Luxembourg",Indian
625da7a3-5d14-45f0-bba1-e07bc237c067,"GGU Subs","Gleichnerburgh","Suriname",Thai
c6cf0a36-1d96-4a3a-aab5-125b3a0d82c4,"Smokestack Diner","Fritschville","Namibia",Indian
f22f7651-82ea-4b5f-9af9-9b34beabf308,"Golden Deli","Port Delmarborough","Tonga",Italian
09f702bf-2c95-4d61-8ac4-df373cb0c854,"Sugar House","North Duane","Tunisia",American
dee758a7-6029-41e9-bc24-c63cbb5a47b8,"Blue Plate Curry","Jordanchester","British Indian Ocean Territory (Chagos Archipelago)",Thai
a4d5a5cd-a811-4a47-95be-44bd16cef033,"437 Box","Wunschside","Barbados",French
27b03994-7c7a-41a6-b082-6255283e0d93,"Smokestack House","Port Delfinaborough","Nigeria",Polish
0d71ac5c-42df-4ee0-8a2c-1d19ae14f2b4,"Blue Brasserie","South Delphine","Estonia",American
891a2ad6-61a9-4a3f-aa37-a85db974d942,"751 Diner","South Pablo","Romania",French
e396e361-4b92-4201-8b4f-782bfc6bc759,"Silver Creamery","South Donettebury","Malaysia",Japanese
f0e523c9-5307-495f-9d3c-61ec8e652e4c,"Blue Plate Coffee","West Malcolmton","Cote d'Ivoire",American
f6145e0e-9f06-40fd-9ec7-ebd95888c9c0,"TS Burger","West Adelaida","New Caledonia",American
